{
  "benchmark": "production-parameter-benchmarks",
  "generatedAt": "2026-04-20T14:19:26.187Z",
  "machine": {
    "platform": "darwin",
    "arch": "arm64",
    "cpuModel": "Apple M4",
    "cpuCount": 10,
    "node": "v25.7.0"
  },
  "methodology": {
    "keygen": "measured separately as a single production-parameter run",
    "operationalLatency": "30 repetitions after one warm-up run",
    "replayBallotCounts": [
      10,
      50,
      100,
      500
    ],
    "proofInput": "real 3072-bit Paillier ciphertext serialized to canonical 768-byte width"
  },
  "fixture": {
    "path": "artifact/experiments/results/production-fixture-3072.json",
    "keyBits": 3072,
    "keygenMs": 8463016.045,
    "voter1Density": {
      "nonZeroBytes": 764,
      "totalBytes": 768,
      "ratio": 0.9947916666666666
    },
    "aggregateDensity": {
      "nonZeroBytes": 766,
      "totalBytes": 768,
      "ratio": 0.9973958333333334
    }
  },
  "encryption": {
    "rawMs": [
      80.719,
      72.07,
      72,
      72.792,
      71.673,
      71.655,
      71.028,
      72.198,
      72.302,
      71.812,
      71.994,
      71.523,
      71.782,
      71.266,
      71.553,
      71.174,
      71.318,
      71.009,
      71.589,
      71.115,
      71.212,
      71.18,
      71.688,
      72.281,
      72.358,
      71.843,
      72.29,
      70.941,
      70.878,
      70.443
    ],
    "repetitions": 30,
    "medianMs": 71.664,
    "iqrMs": 0.865,
    "minMs": 70.443,
    "maxMs": 80.719
  },
  "decryptionShareWithProof": {
    "rawMs": [
      419.009,
      418.743,
      417.008,
      420.087,
      416.561,
      416.294,
      421.606,
      424.131,
      425.269,
      417.567,
      418.092,
      416.931,
      419.273,
      417.667,
      419.092,
      418.891,
      415.022,
      438.898,
      414.504,
      416.764,
      416.331,
      415.571,
      416.718,
      413.831,
      417.851,
      415.288,
      414.792,
      413.445,
      414.856,
      417.502
    ],
    "repetitions": 30,
    "medianMs": 417.255,
    "iqrMs": 3.228,
    "minMs": 413.445,
    "maxMs": 438.898
  },
  "proofGeneration": {
    "rawMs": [
      612.725,
      609.282,
      626.876,
      620.099,
      613.629,
      608.63,
      612.424,
      593.548,
      605.219,
      608.934,
      604.779,
      597.922,
      618.27,
      609.887,
      609.104,
      605.43,
      614.294,
      613.439,
      602.273,
      607.136,
      611.201,
      601.162,
      625.457,
      642.288,
      613.767,
      608.159,
      615.629,
      612.567,
      613.966,
      612.098
    ],
    "repetitions": 30,
    "medianMs": 611.65,
    "iqrMs": 6.524,
    "minMs": 593.548,
    "maxMs": 642.288
  },
  "aggregateReplay": [
    {
      "ballots": 10,
      "rawMs": [
        0.138,
        0.135,
        0.134,
        0.134,
        0.134,
        0.134,
        0.145,
        0.135,
        0.134,
        0.167,
        0.137,
        0.136,
        0.134,
        0.134,
        0.134,
        0.134,
        0.134,
        0.134,
        0.134,
        0.135,
        0.134,
        0.134,
        0.135,
        0.141,
        0.135,
        0.143,
        0.141,
        0.134,
        0.141,
        0.134
      ],
      "perBallotUsMedian": 13.435,
      "repetitions": 30,
      "medianMs": 0.134,
      "iqrMs": 0.003,
      "minMs": 0.134,
      "maxMs": 0.167
    },
    {
      "ballots": 50,
      "rawMs": [
        0.741,
        0.735,
        0.733,
        0.731,
        0.731,
        0.738,
        0.81,
        0.772,
        0.741,
        0.749,
        0.732,
        0.732,
        0.737,
        0.732,
        0.732,
        0.739,
        0.743,
        0.751,
        0.736,
        0.734,
        0.736,
        0.759,
        0.732,
        0.733,
        0.731,
        0.733,
        0.732,
        0.732,
        0.746,
        0.812
      ],
      "perBallotUsMedian": 14.704,
      "repetitions": 30,
      "medianMs": 0.735,
      "iqrMs": 0.01,
      "minMs": 0.731,
      "maxMs": 0.812
    },
    {
      "ballots": 100,
      "rawMs": [
        1.51,
        1.489,
        1.477,
        1.484,
        1.491,
        1.497,
        1.499,
        1.486,
        1.478,
        1.478,
        1.548,
        1.53,
        1.485,
        1.479,
        1.482,
        1.491,
        1.497,
        1.487,
        1.496,
        1.475,
        1.475,
        1.586,
        1.515,
        1.485,
        1.49,
        1.476,
        1.482,
        1.505,
        1.481,
        1.505
      ],
      "perBallotUsMedian": 14.879,
      "repetitions": 30,
      "medianMs": 1.488,
      "iqrMs": 0.017,
      "minMs": 1.475,
      "maxMs": 1.586
    },
    {
      "ballots": 500,
      "rawMs": [
        7.64,
        7.534,
        7.596,
        7.501,
        7.484,
        7.601,
        7.508,
        7.639,
        7.524,
        7.626,
        7.534,
        7.605,
        7.493,
        7.624,
        7.522,
        7.635,
        7.548,
        7.482,
        7.61,
        7.5,
        7.629,
        7.536,
        7.59,
        7.521,
        7.617,
        7.522,
        7.485,
        7.631,
        7.497,
        7.627
      ],
      "perBallotUsMedian": 15.084,
      "repetitions": 30,
      "medianMs": 7.542,
      "iqrMs": 0.11,
      "minMs": 7.482,
      "maxMs": 7.64
    }
  ]
}
